,precision,recall,f1-score,support
Basal,0.9,1.0,0.9473684210526315,9.0
Her2,1.0,0.8333333333333334,0.9090909090909091,6.0
Luminal A,1.0,1.0,1.0,6.0
Luminal B,1.0,1.0,1.0,6.0
Normal,1.0,1.0,1.0,2.0
accuracy,0.9655172413793104,0.9655172413793104,0.9655172413793104,0.9655172413793104
macro avg,0.9800000000000001,0.9666666666666668,0.971291866028708,29.0
weighted avg,0.9689655172413794,0.9655172413793104,0.964857284276522,29.0
