,precision,recall,f1-score,support
Basal,1.0,1.0,1.0,9.0
Her2,1.0,1.0,1.0,6.0
Luminal A,0.8571428571428571,1.0,0.9230769230769231,6.0
Luminal B,1.0,1.0,1.0,6.0
Normal,1.0,0.5,0.6666666666666666,2.0
accuracy,0.9655172413793104,0.9655172413793104,0.9655172413793104,0.9655172413793104
macro avg,0.9714285714285715,0.9,0.917948717948718,29.0
weighted avg,0.9704433497536946,0.9655172413793104,0.9610963748894783,29.0
